miasto,link
bielawa,/dolnoslaskie/dzierzoniowski/bielawa/bielawa
bierutow,/dolnoslaskie/olesnicki/bierutow/bierutow
bogatynia,/dolnoslaskie/zgorzelecki/bogatynia/bogatynia
boguszow-gorce,/dolnoslaskie/walbrzyski/boguszow--gorce/boguszow--gorce
boleslawiec,/dolnoslaskie/boleslawiecki/gmina-miejska--boleslawiec/boleslawiec
bolkow,/dolnoslaskie/jaworski/bolkow/bolkow
brzeg dolny,/dolnoslaskie/wolowski/brzeg-dolny/brzeg-dolny
bystrzyca klodzka,/dolnoslaskie/klodzki/bystrzyca-klodzka/bystrzyca-klodzka
chocianow,/dolnoslaskie/polkowicki/chocianow/chocianow
chojnow,/dolnoslaskie/legnicki/gmina-miejska--chojnow/chojnow
duszniki-zdroj,/dolnoslaskie/klodzki/duszniki--zdroj/duszniki--zdroj
dzierzoniow,/dolnoslaskie/dzierzoniowski/gmina-miejska--dzierzoniow/dzierzoniow
glogow,/dolnoslaskie/glogowski/gmina-miejska--glogow/glogow
gluszyca,/dolnoslaskie/walbrzyski/gluszyca/gluszyca
gora,/dolnoslaskie/gorowski/gora/gora
gryfow slaski,/dolnoslaskie/lwowecki/gryfow-slaski/gryfow-slaski
jawor,/dolnoslaskie/jaworski/jawor/jawor
jaworzyna slaska,/dolnoslaskie/swidnicki/jaworzyna-slaska/jaworzyna-slaska
jedlina-zdroj,/dolnoslaskie/walbrzyski/jedlina--zdroj/jedlina--zdroj
jelcz-laskowice,/dolnoslaskie/olawski/jelcz--laskowice/jelcz--laskowice
jelenia gora,/dolnoslaskie/jelenia-gora/jelenia-gora/jelenia-gora
kamieniec zabkowicki,/dolnoslaskie/zabkowicki/kamieniec-zabkowicki/kamieniec-zabkowicki
kamienna gora,/dolnoslaskie/kamiennogorski/gmina-miejska--kamienna-gora/kamienna-gora
karpacz,/dolnoslaskie/karkonoski/karpacz/karpacz
katy wroclawskie,/dolnoslaskie/wroclawski/katy-wroclawskie/katy-wroclawskie
klodzko,/dolnoslaskie/klodzki/gmina-miejska--klodzko/klodzko
kowary,/dolnoslaskie/karkonoski/kowary/kowary
kudowa-zdroj,/dolnoslaskie/klodzki/kudowa--zdroj/kudowa--zdroj
ladek-zdroj,/dolnoslaskie/klodzki/ladek--zdroj/ladek--zdroj
legnica,/dolnoslaskie/legnica/legnica/legnica
lesna,/dolnoslaskie/lubanski/lesna/lesna
luban,/dolnoslaskie/lubanski/gmina-miejska--luban/luban
lubawka,/dolnoslaskie/kamiennogorski/lubawka/lubawka
lubin,/dolnoslaskie/lubinski/gmina-miejska--lubin/lubin
lwowek slaski,/dolnoslaskie/lwowecki/lwowek-slaski/lwowek-slaski
mieroszow,/dolnoslaskie/walbrzyski/mieroszow/mieroszow
milicz,/dolnoslaskie/milicki/milicz/milicz
mirsk,/dolnoslaskie/lwowecki/mirsk/mirsk
nowa ruda,/dolnoslaskie/klodzki/gmina-miejska--nowa-ruda/nowa-ruda
nowogrodziec,/dolnoslaskie/boleslawiecki/nowogrodziec/nowogrodziec
oborniki slaskie,/dolnoslaskie/trzebnicki/oborniki-slaskie/oborniki-slaskie
olawa,/dolnoslaskie/olawski/gmina-miejska--olawa/olawa
olesnica,/dolnoslaskie/olesnicki/gmina-miejska--olesnica/olesnica
olszyna,/dolnoslaskie/lubanski/olszyna/olszyna
piechowice,/dolnoslaskie/karkonoski/piechowice/piechowice
piensk,/dolnoslaskie/zgorzelecki/piensk/piensk
pieszyce,/dolnoslaskie/dzierzoniowski/pieszyce/pieszyce
pilawa gorna,/dolnoslaskie/dzierzoniowski/pilawa-gorna/pilawa-gorna
polanica-zdroj,/dolnoslaskie/klodzki/polanica--zdroj/polanica--zdroj
polkowice,/dolnoslaskie/polkowicki/polkowice/polkowice
prochowice,/dolnoslaskie/legnicki/prochowice/prochowice
przemkow,/dolnoslaskie/polkowicki/przemkow/przemkow
scinawa,/dolnoslaskie/lubinski/scinawa/scinawa
siechnice,/dolnoslaskie/wroclawski/siechnice/siechnice
sobotka,/dolnoslaskie/wroclawski/sobotka/sobotka
sroda slaska,/dolnoslaskie/sredzki/sroda-slaska/sroda-slaska
stronie slaskie - miasto,/dolnoslaskie/klodzki/stronie-slaskie/miasto--stronie-slaskie
strzegom,/dolnoslaskie/swidnicki/strzegom/strzegom
strzelin,/dolnoslaskie/strzelinski/strzelin/strzelin
swidnica,/dolnoslaskie/swidnicki/gmina-miejska--swidnica/swidnica
swiebodzice,/dolnoslaskie/swidnicki/swiebodzice/swiebodzice
swieradow-zdroj,/dolnoslaskie/lubanski/swieradow--zdroj/swieradow--zdroj
sycow,/dolnoslaskie/olesnicki/sycow/sycow
szczawno-zdroj,/dolnoslaskie/walbrzyski/szczawno--zdroj/szczawno--zdroj
szczytna,/dolnoslaskie/klodzki/szczytna/szczytna
szklarska poreba,/dolnoslaskie/karkonoski/szklarska-poreba/szklarska-poreba
trzebnica,/dolnoslaskie/trzebnicki/trzebnica/trzebnica
twardogora,/dolnoslaskie/olesnicki/twardogora/twardogora
walbrzych,/dolnoslaskie/walbrzych/walbrzych/walbrzych
wojcieszow,/dolnoslaskie/zlotoryjski/wojcieszow/wojcieszow
wolow,/dolnoslaskie/wolowski/wolow/wolow
wroclaw,/dolnoslaskie/wroclaw/wroclaw/wroclaw
zabkowice slaskie,/dolnoslaskie/zabkowicki/zabkowice-slaskie/zabkowice-slaskie
zarow,/dolnoslaskie/swidnicki/zarow/zarow
zawidow,/dolnoslaskie/zgorzelecki/zawidow/zawidow
zgorzelec,/dolnoslaskie/zgorzelecki/gmina-miejska--zgorzelec/zgorzelec
ziebice,/dolnoslaskie/zabkowicki/ziebice/ziebice
zlotoryja,/dolnoslaskie/zlotoryjski/gmina-miejska--zlotoryja/zlotoryja
zmigrod,/dolnoslaskie/trzebnicki/zmigrod/zmigrod
belzyce,/lubelskie/lubelski/belzyce/belzyce
biala podlaska,/lubelskie/biala-podlaska/biala-podlaska/biala-podlaska
bilgoraj,/lubelskie/bilgorajski/gmina-miejska--bilgoraj/bilgoraj
bychawa,/lubelskie/lubelski/bychawa/bychawa
chelm,/lubelskie/chelm/chelm/chelm
deblin,/lubelskie/rycki/deblin/deblin
hrubieszow,/lubelskie/hrubieszowski/gmina-miejska--hrubieszow/hrubieszow
izbica,/lubelskie/krasnostawski/izbica/izbica
janow lubelski,/lubelskie/janowski/janow-lubelski/janow-lubelski
kock,/lubelskie/lubartowski/kock/kock
krasnik,/lubelskie/krasnicki/gmina-miejska--krasnik/krasnik
krasnobrod,/lubelskie/zamojski/krasnobrod/krasnobrod
krasnystaw,/lubelskie/krasnostawski/gmina-miejska--krasnystaw/krasnystaw
leczna,/lubelskie/leczynski/leczna/leczna
lubartow,/lubelskie/lubartowski/gmina-miejska--lubartow/lubartow
lublin,/lubelskie/lublin/lublin/lublin
lukow,/lubelskie/lukowski/gmina-miejska--lukow/lukow
miedzyrzec podlaski,/lubelskie/bialski/gmina-miejska--miedzyrzec-podlaski/miedzyrzec-podlaski
naleczow,/lubelskie/pulawski/naleczow/naleczow
opole lubelskie,/lubelskie/opolski/opole-lubelskie/opole-lubelskie
parczew,/lubelskie/parczewski/parczew/parczew
poniatowa - miasto,/lubelskie/opolski/poniatowa/miasto--poniatowa
pulawy,/lubelskie/pulawski/gmina-miejska--pulawy/pulawy
radzyn podlaski,/lubelskie/radzynski/gmina-miejska--radzyn-podlaski/radzyn-podlaski
rejowiec fabryczny,/lubelskie/chelmski/gmina-miejska--rejowiec-fabryczny/rejowiec-fabryczny
ryki,/lubelskie/rycki/ryki/ryki
swidnik,/lubelskie/swidnicki/swidnik/swidnik
szczebrzeszyn,/lubelskie/zamojski/szczebrzeszyn/szczebrzeszyn
tarnogrod,/lubelskie/bilgorajski/tarnogrod/tarnogrod
terespol,/lubelskie/bialski/gmina-miejska--terespol/terespol
tomaszow lubelski,/lubelskie/tomaszowski/gmina-miejska--tomaszow-lubelski/tomaszow-lubelski
wlodawa,/lubelskie/wlodawski/gmina-miejska--wlodawa/wlodawa
zamosc,/lubelskie/zamosc/zamosc/zamosc
zwierzyniec,/lubelskie/zamojski/zwierzyniec/zwierzyniec
bialobrzegi,/mazowieckie/bialobrzeski/bialobrzegi/bialobrzegi
blonie,/mazowieckie/warszawski-zachodni/blonie/blonie
brwinow,/mazowieckie/pruszkowski/brwinow/brwinow
ceglow,/mazowieckie/minski/ceglow/ceglow
chorzele,/mazowieckie/przasnyski/chorzele/chorzele
ciechanow,/mazowieckie/ciechanowski/gmina-miejska--ciechanow/ciechanow
gabin,/mazowieckie/plocki/gabin/gabin
garwolin,/mazowieckie/garwolinski/gmina-miejska--garwolin/garwolin
gora kalwaria,/mazowieckie/piaseczynski/gora-kalwaria/gora-kalwaria
gostynin,/mazowieckie/gostyninski/gmina-miejska--gostynin/gostynin
grodzisk mazowiecki,/mazowieckie/grodziski/grodzisk-mazowiecki/grodzisk-mazowiecki
grojec,/mazowieckie/grojecki/grojec/grojec
halinow,/mazowieckie/minski/halinow/halinow
ilza,/mazowieckie/radomski/ilza/ilza
jedlnia-letnisko,/mazowieckie/radomski/jedlnia--letnisko/jedlnia--letnisko
jozefow,/mazowieckie/otwocki/jozefow/jozefow
karczew,/mazowieckie/otwocki/karczew/karczew
kobylka,/mazowieckie/wolominski/kobylka/kobylka
konstancin-jeziorna,/mazowieckie/piaseczynski/konstancin--jeziorna/konstancin--jeziorna
kozienice,/mazowieckie/kozienicki/kozienice/kozienice
laskarzew,/mazowieckie/garwolinski/gmina-miejska--laskarzew/laskarzew
legionowo,/mazowieckie/legionowski/legionowo/legionowo
lipsko,/mazowieckie/lipski/lipsko/lipsko
lochow,/mazowieckie/wegrowski/lochow/lochow
lomianki,/mazowieckie/warszawski-zachodni/lomianki/lomianki
losice,/mazowieckie/losicki/losice/losice
makow mazowiecki,/mazowieckie/makowski/makow-mazowiecki/makow-mazowiecki
marki,/mazowieckie/wolominski/marki/marki
milanowek,/mazowieckie/grodziski/milanowek/milanowek
minsk mazowiecki,/mazowieckie/minski/gmina-miejska--minsk-mazowiecki/minsk-mazowiecki
mlawa,/mazowieckie/mlawski/mlawa/mlawa
mrozy,/mazowieckie/minski/mrozy/mrozy
mszczonow,/mazowieckie/zyrardowski/mszczonow/mszczonow
myszyniec,/mazowieckie/ostrolecki/myszyniec/myszyniec
nasielsk,/mazowieckie/nowodworski/nasielsk/nasielsk
nowe miasto,/mazowieckie/plonski/nowe-miasto/nowe-miasto
nowe miasto nad pilica,/mazowieckie/grojecki/nowe-miasto-nad-pilica/nowe-miasto-nad-pilica
nowy dwor mazowiecki,/mazowieckie/nowodworski/nowy-dwor-mazowiecki/nowy-dwor-mazowiecki
ostroleka,/mazowieckie/ostroleka/ostroleka/ostroleka
ostrow mazowiecka,/mazowieckie/ostrowski/gmina-miejska--ostrow-mazowiecka/ostrow-mazowiecka
otwock,/mazowieckie/otwocki/otwock/otwock
ozarow mazowiecki,/mazowieckie/warszawski-zachodni/ozarow-mazowiecki/ozarow-mazowiecki
piaseczno,/mazowieckie/piaseczynski/piaseczno/piaseczno
piastow,/mazowieckie/pruszkowski/piastow/piastow
pilawa,/mazowieckie/garwolinski/pilawa/pilawa
pionki,/mazowieckie/radomski/gmina-miejska--pionki/pionki
plock,/mazowieckie/plock/plock/plock
plonsk,/mazowieckie/plonski/gmina-miejska--plonsk/plonsk
podkowa lesna,/mazowieckie/grodziski/podkowa-lesna/podkowa-lesna
pruszkow,/mazowieckie/pruszkowski/pruszkow/pruszkow
przasnysz,/mazowieckie/przasnyski/gmina-miejska--przasnysz/przasnysz
przysucha,/mazowieckie/przysuski/przysucha/przysucha
pultusk,/mazowieckie/pultuski/pultusk/pultusk
raciaz,/mazowieckie/plonski/gmina-miejska--raciaz/raciaz
radom,/mazowieckie/radom/radom/radom
radzymin,/mazowieckie/wolominski/radzymin/radzymin
serock,/mazowieckie/legionowski/serock/serock
siedlce,/mazowieckie/siedlce/siedlce/siedlce
sierpc,/mazowieckie/sierpecki/gmina-miejska--sierpc/sierpc
skaryszew,/mazowieckie/radomski/skaryszew/skaryszew
sochaczew,/mazowieckie/sochaczewski/gmina-miejska--sochaczew/sochaczew
sokolow podlaski,/mazowieckie/sokolowski/gmina-miejska--sokolow-podlaski/sokolow-podlaski
sulejowek,/mazowieckie/minski/sulejowek/sulejowek
szydlowiec,/mazowieckie/szydlowiecki/szydlowiec/szydlowiec
tarczyn,/mazowieckie/piaseczynski/tarczyn/tarczyn
tluszcz,/mazowieckie/wolominski/tluszcz/tluszcz
warka,/mazowieckie/grojecki/warka/warka
warszawa,/mazowieckie/warszawa/warszawa/warszawa
wegrow,/mazowieckie/wegrowski/wegrow/wegrow
wolomin,/mazowieckie/wolominski/wolomin/wolomin
wyszkow,/mazowieckie/wyszkowski/wyszkow/wyszkow
zabki,/mazowieckie/wolominski/zabki/zabki
zakroczym,/mazowieckie/nowodworski/zakroczym/zakroczym
zelechow,/mazowieckie/garwolinski/zelechow/zelechow
zielonka,/mazowieckie/wolominski/zielonka/zielonka
zuromin,/mazowieckie/zurominski/zuromin/zuromin
zwolen,/mazowieckie/zwolenski/zwolen/zwolen
zyrardow,/mazowieckie/zyrardowski/zyrardow/zyrardow
augustow,/podlaskie/augustowski/gmina-miejska--augustow/augustow
bialystok,/podlaskie/bialystok/bialystok/bialystok
bielsk podlaski,/podlaskie/bielski/gmina-miejska--bielsk-podlaski/bielsk-podlaski
bransk,/podlaskie/bielski/gmina-miejska--bransk/bransk
choroszcz,/podlaskie/bialostocki/choroszcz/choroszcz
ciechanowiec,/podlaskie/wysokomazowiecki/ciechanowiec/ciechanowiec
czarna bialostocka,/podlaskie/bialostocki/czarna-bialostocka/czarna-bialostocka
dabrowa bialostocka,/podlaskie/sokolski/dabrowa-bialostocka/dabrowa-bialostocka
grajewo,/podlaskie/grajewski/gmina-miejska--grajewo/grajewo
hajnowka,/podlaskie/hajnowski/gmina-miejska--hajnowka/hajnowka
kolno,/podlaskie/kolnenski/gmina-miejska--kolno/kolno
lapy,/podlaskie/bialostocki/lapy/lapy
lomza,/podlaskie/lomza/lomza/lomza
monki,/podlaskie/moniecki/monki/monki
sejny,/podlaskie/sejnenski/gmina-miejska--sejny/sejny
siemiatycze,/podlaskie/siemiatycki/gmina-miejska--siemiatycze/siemiatycze
sokolka,/podlaskie/sokolski/sokolka/sokolka
suprasl,/podlaskie/bialostocki/suprasl/suprasl
suwalki,/podlaskie/suwalki/suwalki/suwalki
szczuczyn,/podlaskie/grajewski/szczuczyn/szczuczyn
wasilkow,/podlaskie/bialostocki/wasilkow/wasilkow
wysokie mazowieckie,/podlaskie/wysokomazowiecki/gmina-miejska--wysokie-mazowieckie/wysokie-mazowieckie
zambrow,/podlaskie/zambrowski/gmina-miejska--zambrow/zambrow
busko-zdroj,/swietokrzyskie/buski/busko--zdroj/busko--zdroj
checiny,/swietokrzyskie/kielecki/checiny/checiny
chmielnik,/swietokrzyskie/kielecki/chmielnik/chmielnik
iwaniska,/swietokrzyskie/opatowski/iwaniska/iwaniska
jedrzejow,/swietokrzyskie/jedrzejowski/jedrzejow/jedrzejow
kazimierza wielka,/swietokrzyskie/kazimierski/kazimierza-wielka/kazimierza-wielka
kielce,/swietokrzyskie/kielce/kielce/kielce
konskie,/swietokrzyskie/konecki/konskie/konskie
malogoszcz,/swietokrzyskie/jedrzejowski/malogoszcz/malogoszcz
opatow,/swietokrzyskie/opatowski/opatow/opatow
ostrowiec swietokrzyski,/swietokrzyskie/ostrowiecki/ostrowiec-swietokrzyski/ostrowiec-swietokrzyski
ozarow,/swietokrzyskie/opatowski/ozarow/ozarow
pinczow,/swietokrzyskie/pinczowski/pinczow/pinczow
polaniec,/swietokrzyskie/staszowski/polaniec/polaniec
radoszyce,/swietokrzyskie/konecki/radoszyce/radoszyce
sandomierz,/swietokrzyskie/sandomierski/sandomierz/sandomierz
sedziszow,/swietokrzyskie/jedrzejowski/sedziszow/sedziszow
skarzysko-kamienna,/swietokrzyskie/skarzyski/skarzysko--kamienna/skarzysko--kamienna
staporkow,/swietokrzyskie/konecki/staporkow/staporkow
starachowice,/swietokrzyskie/starachowicki/starachowice/starachowice
staszow,/swietokrzyskie/staszowski/staszow/staszow
suchedniow,/swietokrzyskie/skarzyski/suchedniow/suchedniow
wloszczowa,/swietokrzyskie/wloszczowski/wloszczowa/wloszczowa
barlinek,/zachodniopomorskie/mysliborski/barlinek/barlinek
barwice,/zachodniopomorskie/szczecinecki/barwice/barwice
bialogard,/zachodniopomorskie/bialogardzki/gmina-miejska--bialogard/bialogard
bobolice,/zachodniopomorskie/koszalinski/bobolice/bobolice
borne sulinowo,/zachodniopomorskie/szczecinecki/borne-sulinowo/borne-sulinowo
chociwel,/zachodniopomorskie/stargardzki/chociwel/chociwel
chojna,/zachodniopomorskie/gryfinski/chojna/chojna
choszczno,/zachodniopomorskie/choszczenski/choszczno/choszczno
czaplinek,/zachodniopomorskie/drawski/czaplinek/czaplinek
darlowo,/zachodniopomorskie/slawienski/gmina-miejska--darlowo/darlowo
debno,/zachodniopomorskie/mysliborski/debno/debno
drawsko pomorskie,/zachodniopomorskie/drawski/drawsko-pomorskie/drawsko-pomorskie
goleniow,/zachodniopomorskie/goleniowski/goleniow/goleniow
gryfice,/zachodniopomorskie/gryficki/gryfice/gryfice
gryfino,/zachodniopomorskie/gryfinski/gryfino/gryfino
kalisz pomorski,/zachodniopomorskie/drawski/kalisz-pomorski/kalisz-pomorski
kamien pomorski,/zachodniopomorskie/kamienski/kamien-pomorski/kamien-pomorski
karlino,/zachodniopomorskie/bialogardzki/karlino/karlino
kolobrzeg,/zachodniopomorskie/kolobrzeski/gmina-miejska--kolobrzeg/kolobrzeg
koszalin,/zachodniopomorskie/koszalin/koszalin/koszalin
lipiany,/zachodniopomorskie/pyrzycki/lipiany/lipiany
lobez,/zachodniopomorskie/lobeski/lobez/lobez
maszewo,/zachodniopomorskie/goleniowski/maszewo/maszewo
miedzyzdroje,/zachodniopomorskie/kamienski/miedzyzdroje/miedzyzdroje
mieszkowice,/zachodniopomorskie/gryfinski/mieszkowice/mieszkowice
mysliborz,/zachodniopomorskie/mysliborski/mysliborz/mysliborz
nowogard,/zachodniopomorskie/goleniowski/nowogard/nowogard
ploty,/zachodniopomorskie/gryficki/ploty/ploty
polczyn-zdroj,/zachodniopomorskie/swidwinski/polczyn--zdroj/polczyn--zdroj
police,/zachodniopomorskie/policki/police/police
pyrzyce,/zachodniopomorskie/pyrzycki/pyrzyce/pyrzyce
resko,/zachodniopomorskie/lobeski/resko/resko
sianow,/zachodniopomorskie/koszalinski/sianow/sianow
slawno,/zachodniopomorskie/slawienski/gmina-miejska--slawno/slawno
stargard,/zachodniopomorskie/stargardzki/gmina-miejska--stargard/stargard
swidwin,/zachodniopomorskie/swidwinski/gmina-miejska--swidwin/swidwin
swinoujscie,/zachodniopomorskie/swinoujscie/swinoujscie/swinoujscie
szczecin,/zachodniopomorskie/szczecin/szczecin/szczecin
szczecinek,/zachodniopomorskie/szczecinecki/gmina-miejska--szczecinek/szczecinek
trzebiatow,/zachodniopomorskie/gryficki/trzebiatow/trzebiatow
walcz,/zachodniopomorskie/walecki/gmina-miejska--walcz/walcz
wolin,/zachodniopomorskie/kamienski/wolin/wolin
zlocieniec,/zachodniopomorskie/drawski/zlocieniec/zlocieniec
aleksandrow kujawski,/kujawsko--pomorskie/aleksandrowski/gmina-miejska--aleksandrow-kujawski/aleksandrow-kujawski
barcin,/kujawsko--pomorskie/zninski/barcin/barcin
brodnica,/kujawsko--pomorskie/brodnicki/gmina-miejska--brodnica/brodnica
brzesc kujawski,/kujawsko--pomorskie/wloclawski/brzesc-kujawski/brzesc-kujawski
bydgoszcz,/kujawsko--pomorskie/bydgoszcz/bydgoszcz/bydgoszcz
chelmno,/kujawsko--pomorskie/chelminski/gmina-miejska--chelmno/chelmno
chelmza,/kujawsko--pomorskie/torunski/gmina-miejska--chelmza/chelmza
ciechocinek,/kujawsko--pomorskie/aleksandrowski/ciechocinek/ciechocinek
gniewkowo,/kujawsko--pomorskie/inowroclawski/gniewkowo/gniewkowo
golub-dobrzyn,/kujawsko--pomorskie/golubsko--dobrzynski/gmina-miejska--golub--dobrzyn/golub--dobrzyn
grudziadz,/kujawsko--pomorskie/grudziadz/grudziadz/grudziadz
inowroclaw,/kujawsko--pomorskie/inowroclawski/gmina-miejska--inowroclaw/inowroclaw
jablonowo pomorskie,/kujawsko--pomorskie/brodnicki/jablonowo-pomorskie/jablonowo-pomorskie
janikowo,/kujawsko--pomorskie/inowroclawski/janikowo/janikowo
janowiec wielkopolski,/kujawsko--pomorskie/zninski/janowiec-wielkopolski/janowiec-wielkopolski
kcynia,/kujawsko--pomorskie/nakielski/kcynia/kcynia
koronowo,/kujawsko--pomorskie/bydgoski/koronowo/koronowo
kowal,/kujawsko--pomorskie/wloclawski/gmina-miejska--kowal/kowal
kowalewo pomorskie,/kujawsko--pomorskie/golubsko--dobrzynski/kowalewo-pomorskie/kowalewo-pomorskie
kruszwica,/kujawsko--pomorskie/inowroclawski/kruszwica/kruszwica
labiszyn,/kujawsko--pomorskie/zninski/labiszyn/labiszyn
lasin,/kujawsko--pomorskie/grudziadzki/lasin/lasin
lipno,/kujawsko--pomorskie/lipnowski/gmina-miejska--lipno/lipno
mogilno,/kujawsko--pomorskie/mogilenski/mogilno/mogilno
mrocza,/kujawsko--pomorskie/nakielski/mrocza/mrocza
naklo nad notecia,/kujawsko--pomorskie/nakielski/naklo-nad-notecia/naklo-nad-notecia
nowe,/kujawsko--pomorskie/swiecki/nowe/nowe
pakosc,/kujawsko--pomorskie/inowroclawski/pakosc/pakosc
piotrkow kujawski,/kujawsko--pomorskie/radziejowski/piotrkow-kujawski/piotrkow-kujawski
pruszcz,/kujawsko--pomorskie/swiecki/pruszcz/pruszcz
radziejow,/kujawsko--pomorskie/radziejowski/gmina-miejska--radziejow/radziejow
rypin,/kujawsko--pomorskie/rypinski/gmina-miejska--rypin/rypin
sepolno krajenskie,/kujawsko--pomorskie/sepolenski/sepolno-krajenskie/sepolno-krajenskie
skepe,/kujawsko--pomorskie/lipnowski/skepe/skepe
solec kujawski,/kujawsko--pomorskie/bydgoski/solec-kujawski/solec-kujawski
strzelno,/kujawsko--pomorskie/mogilenski/strzelno/strzelno
swiecie,/kujawsko--pomorskie/swiecki/swiecie/swiecie
szubin,/kujawsko--pomorskie/nakielski/szubin/szubin
torun,/kujawsko--pomorskie/torun/torun/torun
tuchola,/kujawsko--pomorskie/tucholski/tuchola/tuchola
wabrzezno,/kujawsko--pomorskie/wabrzeski/wabrzezno/wabrzezno
wiecbork,/kujawsko--pomorskie/sepolenski/wiecbork/wiecbork
wloclawek,/kujawsko--pomorskie/wloclawek/wloclawek/wloclawek
znin,/kujawsko--pomorskie/zninski/znin/znin
babimost,/lubuskie/zielonogorski/babimost/babimost
bytom odrzanski,/lubuskie/nowosolski/bytom-odrzanski/bytom-odrzanski
czerwiensk,/lubuskie/zielonogorski/czerwiensk/czerwiensk
dobiegniew,/lubuskie/strzelecko--drezdenecki/dobiegniew/dobiegniew
drezdenko,/lubuskie/strzelecko--drezdenecki/drezdenko/drezdenko
gorzow wielkopolski,/lubuskie/gorzow-wielkopolski/gorzow-wielkopolski/gorzow-wielkopolski
gubin,/lubuskie/krosnienski/gmina-miejska--gubin/gubin
ilowa,/lubuskie/zaganski/ilowa/ilowa
jasien,/lubuskie/zarski/jasien/jasien
kargowa,/lubuskie/zielonogorski/kargowa/kargowa
kostrzyn nad odra,/lubuskie/gorzowski/kostrzyn-nad-odra/kostrzyn-nad-odra
kozuchow,/lubuskie/nowosolski/kozuchow/kozuchow
krosno odrzanskie,/lubuskie/krosnienski/krosno-odrzanskie/krosno-odrzanskie
lubsko,/lubuskie/zarski/lubsko/lubsko
malomice,/lubuskie/zaganski/malomice/malomice
miedzyrzecz,/lubuskie/miedzyrzecki/miedzyrzecz/miedzyrzecz
nowa sol,/lubuskie/nowosolski/gmina-miejska--nowa-sol/nowa-sol
nowogrod bobrzanski,/lubuskie/zielonogorski/nowogrod-bobrzanski/nowogrod-bobrzanski
osno lubuskie,/lubuskie/slubicki/osno-lubuskie/osno-lubuskie
rzepin,/lubuskie/slubicki/rzepin/rzepin
skwierzyna,/lubuskie/miedzyrzecki/skwierzyna/skwierzyna
slawa,/lubuskie/wschowski/slawa/slawa
slubice,/lubuskie/slubicki/slubice/slubice
strzelce krajenskie,/lubuskie/strzelecko--drezdenecki/strzelce-krajenskie/strzelce-krajenskie
sulechow,/lubuskie/zielonogorski/sulechow/sulechow
sulecin,/lubuskie/sulecinski/sulecin/sulecin
swiebodzin,/lubuskie/swiebodzinski/swiebodzin/swiebodzin
szprotawa,/lubuskie/zaganski/szprotawa/szprotawa
witnica,/lubuskie/gorzowski/witnica/witnica
wschowa,/lubuskie/wschowski/wschowa/wschowa
zagan,/lubuskie/zaganski/gmina-miejska--zagan/zagan
zary,/lubuskie/zarski/gmina-miejska--zary/zary
zbaszynek,/lubuskie/swiebodzinski/zbaszynek/zbaszynek
zielona gora,/lubuskie/zielona-gora/zielona-gora/zielona-gora
brzeg,/opolskie/brzeski/brzeg/brzeg
byczyna,/opolskie/kluczborski/byczyna/byczyna
dobrodzien,/opolskie/oleski/dobrodzien/dobrodzien
glogowek,/opolskie/prudnicki/glogowek/glogowek
glubczyce,/opolskie/glubczycki/glubczyce/glubczyce
glucholazy,/opolskie/nyski/glucholazy/glucholazy
gogolin,/opolskie/krapkowicki/gogolin/gogolin
grodkow,/opolskie/brzeski/grodkow/grodkow
kedzierzyn-kozle,/opolskie/kedzierzynsko--kozielski/kedzierzyn--kozle/kedzierzyn--kozle
kietrz,/opolskie/glubczycki/kietrz/kietrz
kluczbork,/opolskie/kluczborski/kluczbork/kluczbork
kolonowskie,/opolskie/strzelecki/kolonowskie/kolonowskie
krapkowice,/opolskie/krapkowicki/krapkowice/krapkowice
lewin brzeski,/opolskie/brzeski/lewin-brzeski/lewin-brzeski
namyslow,/opolskie/namyslowski/namyslow/namyslow
niemodlin,/opolskie/opolski/niemodlin/niemodlin
nysa,/opolskie/nyski/nysa/nysa
olesno,/opolskie/oleski/olesno/olesno
opole,/opolskie/opole/opole/opole
otmuchow,/opolskie/nyski/otmuchow/otmuchow
ozimek,/opolskie/opolski/ozimek/ozimek
paczkow,/opolskie/nyski/paczkow/paczkow
praszka,/opolskie/oleski/praszka/praszka
prudnik,/opolskie/prudnicki/prudnik/prudnik
strzelce opolskie,/opolskie/strzelecki/strzelce-opolskie/strzelce-opolskie
tulowice,/opolskie/opolski/tulowice/tulowice
wolczyn,/opolskie/kluczborski/wolczyn/wolczyn
zawadzkie,/opolskie/strzelecki/zawadzkie/zawadzkie
zdzieszowice,/opolskie/krapkowicki/zdzieszowice/zdzieszowice
brusy,/pomorskie/chojnicki/brusy/brusy
bytow,/pomorskie/bytowski/bytow/bytow
chojnice,/pomorskie/chojnicki/gmina-miejska--chojnice/chojnice
czarne,/pomorskie/czluchowski/czarne/czarne
czersk,/pomorskie/chojnicki/czersk/czersk
czluchow,/pomorskie/czluchowski/gmina-miejska--czluchow/czluchow
debrzno,/pomorskie/czluchowski/debrzno/debrzno
dzierzgon,/pomorskie/sztumski/dzierzgon/dzierzgon
gdansk,/pomorskie/gdansk/gdansk/gdansk
gdynia,/pomorskie/gdynia/gdynia/gdynia
gniew,/pomorskie/tczewski/gniew/gniew
hel,/pomorskie/pucki/hel/hel
kartuzy,/pomorskie/kartuski/kartuzy/kartuzy
kepice,/pomorskie/slupski/kepice/kepice
koscierzyna,/pomorskie/koscierski/gmina-miejska--koscierzyna/koscierzyna
kwidzyn,/pomorskie/kwidzynski/gmina-miejska--kwidzyn/kwidzyn
leba,/pomorskie/leborski/leba/leba
lebork,/pomorskie/leborski/lebork/lebork
malbork,/pomorskie/malborski/gmina-miejska--malbork/malbork
miastko,/pomorskie/bytowski/miastko/miastko
nowy dwor gdanski,/pomorskie/nowodworski/nowy-dwor-gdanski/nowy-dwor-gdanski
nowy staw,/pomorskie/malborski/nowy-staw/nowy-staw
pelplin,/pomorskie/tczewski/pelplin/pelplin
prabuty,/pomorskie/kwidzynski/prabuty/prabuty
pruszcz gdanski,/pomorskie/gdanski/gmina-miejska--pruszcz-gdanski/pruszcz-gdanski
puck,/pomorskie/pucki/gmina-miejska--puck/puck
reda,/pomorskie/wejherowski/reda/reda
rumia,/pomorskie/wejherowski/rumia/rumia
skarszewy,/pomorskie/starogardzki/skarszewy/skarszewy
skorcz,/pomorskie/starogardzki/gmina-miejska--skorcz/skorcz
slupsk,/pomorskie/slupsk/slupsk/slupsk
sopot,/pomorskie/sopot/sopot/sopot
starogard gdanski,/pomorskie/starogardzki/gmina-miejska--starogard-gdanski/starogard-gdanski
sztum,/pomorskie/sztumski/sztum/sztum
tczew,/pomorskie/tczewski/gmina-miejska--tczew/tczew
ustka,/pomorskie/slupski/gmina-miejska--ustka/ustka
wejherowo,/pomorskie/wejherowski/gmina-miejska--wejherowo/wejherowo
wladyslawowo,/pomorskie/pucki/wladyslawowo/wladyslawowo
zukowo - miasto,/pomorskie/kartuski/zukowo/miasto--zukowo
barczewo,/warminsko--mazurskie/olsztynski/barczewo/barczewo
bartoszyce,/warminsko--mazurskie/bartoszycki/gmina-miejska--bartoszyce/bartoszyce
biala piska,/warminsko--mazurskie/piski/biala-piska/biala-piska
biskupiec,/warminsko--mazurskie/olsztynski/biskupiec/biskupiec
braniewo,/warminsko--mazurskie/braniewski/gmina-miejska--braniewo/braniewo
dobre miasto,/warminsko--mazurskie/olsztynski/dobre-miasto/dobre-miasto
dzialdowo,/warminsko--mazurskie/dzialdowski/gmina-miejska--dzialdowo/dzialdowo
elblag,/warminsko--mazurskie/elblag/elblag/elblag
elk,/warminsko--mazurskie/elcki/gmina-miejska--elk/elk
gizycko,/warminsko--mazurskie/gizycki/gmina-miejska--gizycko/gizycko
goldap,/warminsko--mazurskie/goldapski/goldap/goldap
gorowo ilaweckie,/warminsko--mazurskie/bartoszycki/gmina-miejska--gorowo-ilaweckie/gorowo-ilaweckie
ilawa,/warminsko--mazurskie/ilawski/gmina-miejska--ilawa/ilawa
jeziorany,/warminsko--mazurskie/olsztynski/jeziorany/jeziorany
ketrzyn,/warminsko--mazurskie/ketrzynski/gmina-miejska--ketrzyn/ketrzyn
korsze,/warminsko--mazurskie/ketrzynski/korsze/korsze
lidzbark,/warminsko--mazurskie/dzialdowski/lidzbark/lidzbark
lidzbark warminski,/warminsko--mazurskie/lidzbarski/gmina-miejska--lidzbark-warminski/lidzbark-warminski
lubawa,/warminsko--mazurskie/ilawski/gmina-miejska--lubawa/lubawa
mikolajki,/warminsko--mazurskie/mragowski/mikolajki/mikolajki
morag,/warminsko--mazurskie/ostrodzki/morag/morag
mragowo,/warminsko--mazurskie/mragowski/gmina-miejska--mragowo/mragowo
nidzica,/warminsko--mazurskie/nidzicki/nidzica/nidzica
nowe miasto lubawskie,/warminsko--mazurskie/nowomiejski/gmina-miejska--nowe-miasto-lubawskie/nowe-miasto-lubawskie
olecko,/warminsko--mazurskie/olecki/olecko/olecko
olsztyn,/warminsko--mazurskie/olsztyn/olsztyn/olsztyn
olsztynek,/warminsko--mazurskie/olsztynski/olsztynek/olsztynek
orneta,/warminsko--mazurskie/lidzbarski/orneta/orneta
orzysz,/warminsko--mazurskie/piski/orzysz/orzysz
ostroda,/warminsko--mazurskie/ostrodzki/gmina-miejska--ostroda/ostroda
paslek,/warminsko--mazurskie/elblaski/paslek/paslek
pisz,/warminsko--mazurskie/piski/pisz/pisz
reszel,/warminsko--mazurskie/ketrzynski/reszel/reszel
ruciane-nida,/warminsko--mazurskie/piski/ruciane--nida/ruciane--nida
susz,/warminsko--mazurskie/ilawski/susz/susz
szczytno,/warminsko--mazurskie/szczycienski/gmina-miejska--szczytno/szczytno
wegorzewo,/warminsko--mazurskie/wegorzewski/wegorzewo/wegorzewo
aleksandrow lodzki,/lodzkie/zgierski/aleksandrow-lodzki/aleksandrow-lodzki
belchatow,/lodzkie/belchatowski/gmina-miejska--belchatow/belchatow
biala rawska,/lodzkie/rawski/biala-rawska/biala-rawska
bolimow,/lodzkie/skierniewicki/bolimow/bolimow
brzeziny,/lodzkie/brzezinski/gmina-miejska--brzeziny/brzeziny
drzewica,/lodzkie/opoczynski/drzewica/drzewica
dzialoszyn - miasto,/lodzkie/pajeczanski/dzialoszyn/miasto--dzialoszyn
glowno,/lodzkie/zgierski/gmina-miejska--glowno/glowno
koluszki,/lodzkie/lodzki-wschodni/koluszki/koluszki
konstantynow lodzki,/lodzkie/pabianicki/konstantynow-lodzki/konstantynow-lodzki
krosniewice,/lodzkie/kutnowski/krosniewice/krosniewice
kutno,/lodzkie/kutnowski/gmina-miejska--kutno/kutno
lask,/lodzkie/laski/lask/lask
leczyca,/lodzkie/leczycki/gmina-miejska--leczyca/leczyca
lodz,/lodzkie/lodz/lodz/lodz
lowicz,/lodzkie/lowicki/gmina-miejska--lowicz/lowicz
lutomiersk,/lodzkie/pabianicki/lutomiersk/lutomiersk
opoczno,/lodzkie/opoczynski/opoczno/opoczno
ozorkow,/lodzkie/zgierski/gmina-miejska--ozorkow/ozorkow
pabianice,/lodzkie/pabianicki/gmina-miejska--pabianice/pabianice
pajeczno,/lodzkie/pajeczanski/pajeczno/pajeczno
piotrkow trybunalski,/lodzkie/piotrkow-trybunalski/piotrkow-trybunalski/piotrkow-trybunalski
poddebice,/lodzkie/poddebicki/poddebice/poddebice
przedborz,/lodzkie/radomszczanski/przedborz/przedborz
radomsko,/lodzkie/radomszczanski/gmina-miejska--radomsko/radomsko
rawa mazowiecka,/lodzkie/rawski/gmina-miejska--rawa-mazowiecka/rawa-mazowiecka
rzgow,/lodzkie/lodzki-wschodni/rzgow/rzgow
sieradz,/lodzkie/sieradzki/gmina-miejska--sieradz/sieradz
skierniewice,/lodzkie/skierniewice/skierniewice/skierniewice
strykow,/lodzkie/zgierski/strykow/strykow
sulejow,/lodzkie/piotrkowski/sulejow/sulejow
tomaszow mazowiecki,/lodzkie/tomaszowski/gmina-miejska--tomaszow-mazowiecki/tomaszow-mazowiecki
tuszyn,/lodzkie/lodzki-wschodni/tuszyn/tuszyn
warta,/lodzkie/sieradzki/warta/warta
wielun,/lodzkie/wielunski/wielun/wielun
wieruszow,/lodzkie/wieruszowski/wieruszow/wieruszow
zdunska wola,/lodzkie/zdunskowolski/gmina-miejska--zdunska-wola/zdunska-wola
zelow,/lodzkie/belchatowski/zelow/zelow
zgierz,/lodzkie/zgierski/gmina-miejska--zgierz/zgierz
zloczew,/lodzkie/sieradzki/zloczew/zloczew
zychlin,/lodzkie/kutnowski/zychlin/zychlin
alwernia,/malopolskie/chrzanowski/alwernia/alwernia
andrychow,/malopolskie/wadowicki/andrychow/andrychow
biecz,/malopolskie/gorlicki/biecz/biecz
bobowa,/malopolskie/gorlicki/bobowa/bobowa
bochnia,/malopolskie/bochenski/gmina-miejska--bochnia/bochnia
brzesko,/malopolskie/brzeski/brzesko/brzesko
brzeszcze,/malopolskie/oswiecimski/brzeszcze/brzeszcze
bukowno,/malopolskie/olkuski/bukowno/bukowno
chelmek,/malopolskie/oswiecimski/chelmek/chelmek
chrzanow,/malopolskie/chrzanowski/chrzanow/chrzanow
dabrowa tarnowska,/malopolskie/dabrowski/dabrowa-tarnowska/dabrowa-tarnowska
dobczyce,/malopolskie/myslenicki/dobczyce/dobczyce
gorlice,/malopolskie/gorlicki/gmina-miejska--gorlice/gorlice
grybow,/malopolskie/nowosadecki/gmina-miejska--grybow/grybow
jordanow,/malopolskie/suski/gmina-miejska--jordanow/jordanow
kalwaria zebrzydowska,/malopolskie/wadowicki/kalwaria-zebrzydowska/kalwaria-zebrzydowska
kety,/malopolskie/oswiecimski/kety/kety
krakow,/malopolskie/krakow/krakow/krakow
krynica-zdroj,/malopolskie/nowosadecki/krynica--zdroj/krynica--zdroj
krzeszowice,/malopolskie/krakowski/krzeszowice/krzeszowice
libiaz,/malopolskie/chrzanowski/libiaz/libiaz
limanowa,/malopolskie/limanowski/gmina-miejska--limanowa/limanowa
makow podhalanski,/malopolskie/suski/makow-podhalanski/makow-podhalanski
miechow,/malopolskie/miechowski/miechow/miechow
mszana dolna,/malopolskie/limanowski/gmina-miejska--mszana-dolna/mszana-dolna
muszyna,/malopolskie/nowosadecki/muszyna/muszyna
myslenice,/malopolskie/myslenicki/myslenice/myslenice
niepolomice,/malopolskie/wielicki/niepolomice/niepolomice
nowy sacz,/malopolskie/nowy-sacz/nowy-sacz/nowy-sacz
nowy targ,/malopolskie/nowotarski/gmina-miejska--nowy-targ/nowy-targ
olkusz,/malopolskie/olkuski/olkusz/olkusz
oswiecim,/malopolskie/oswiecimski/gmina-miejska--oswiecim/oswiecim
piwniczna-zdroj,/malopolskie/nowosadecki/piwniczna--zdroj/piwniczna--zdroj
proszowice,/malopolskie/proszowicki/proszowice/proszowice
rabka-zdroj,/malopolskie/nowotarski/rabka--zdroj/rabka--zdroj
skala,/malopolskie/krakowski/skala/skala
skawina,/malopolskie/krakowski/skawina/skawina
slomniki,/malopolskie/krakowski/slomniki/slomniki
stary sacz,/malopolskie/nowosadecki/stary-sacz/stary-sacz
sucha beskidzka,/malopolskie/suski/sucha-beskidzka/sucha-beskidzka
sulkowice,/malopolskie/myslenicki/sulkowice/sulkowice
szczawnica,/malopolskie/nowotarski/szczawnica/szczawnica
szczucin,/malopolskie/dabrowski/szczucin/szczucin
tarnow,/malopolskie/tarnow/tarnow/tarnow
trzebinia,/malopolskie/chrzanowski/trzebinia/trzebinia
tuchow,/malopolskie/tarnowski/tuchow/tuchow
wadowice,/malopolskie/wadowicki/wadowice/wadowice
wieliczka,/malopolskie/wielicki/wieliczka/wieliczka
wojnicz,/malopolskie/tarnowski/wojnicz/wojnicz
wolbrom,/malopolskie/olkuski/wolbrom/wolbrom
zabno,/malopolskie/tarnowski/zabno/zabno
zakopane,/malopolskie/tatrzanski/zakopane/zakopane
zator,/malopolskie/oswiecimski/zator/zator
boguchwala,/podkarpackie/rzeszowski/boguchwala/boguchwala
brzozow,/podkarpackie/brzozowski/brzozow/brzozow
debica,/podkarpackie/debicki/gmina-miejska--debica/debica
dynow,/podkarpackie/rzeszowski/gmina-miejska--dynow/dynow
glogow malopolski,/podkarpackie/rzeszowski/glogow-malopolski/glogow-malopolski
jaroslaw,/podkarpackie/jaroslawski/gmina-miejska--jaroslaw/jaroslaw
jaslo,/podkarpackie/jasielski/gmina-miejska--jaslo/jaslo
jedlicze,/podkarpackie/krosnienski/jedlicze/jedlicze
kanczuga,/podkarpackie/przeworski/kanczuga/kanczuga
kolbuszowa,/podkarpackie/kolbuszowski/kolbuszowa/kolbuszowa
krosno,/podkarpackie/krosno/krosno/krosno
lancut,/podkarpackie/lancucki/gmina-miejska--lancut/lancut
lesko,/podkarpackie/leski/lesko/lesko
lezajsk,/podkarpackie/lezajski/gmina-miejska--lezajsk/lezajsk
lubaczow,/podkarpackie/lubaczowski/gmina-miejska--lubaczow/lubaczow
mielec,/podkarpackie/mielecki/gmina-miejska--mielec/mielec
nisko,/podkarpackie/nizanski/nisko/nisko
nowa deba,/podkarpackie/tarnobrzeski/nowa-deba/nowa-deba
nowa sarzyna,/podkarpackie/lezajski/nowa-sarzyna/nowa-sarzyna
pilzno,/podkarpackie/debicki/pilzno/pilzno
pruchnik,/podkarpackie/jaroslawski/pruchnik/pruchnik
przemysl,/podkarpackie/przemysl/przemysl/przemysl
przeworsk,/podkarpackie/przeworski/gmina-miejska--przeworsk/przeworsk
radomysl wielki,/podkarpackie/mielecki/radomysl-wielki/radomysl-wielki
radymno,/podkarpackie/jaroslawski/gmina-miejska--radymno/radymno
ropczyce,/podkarpackie/ropczycko--sedziszowski/ropczyce/ropczyce
rudnik nad sanem,/podkarpackie/nizanski/rudnik-nad-sanem/rudnik-nad-sanem
rymanow,/podkarpackie/krosnienski/rymanow/rymanow
rzeszow,/podkarpackie/rzeszow/rzeszow/rzeszow
sanok,/podkarpackie/sanocki/gmina-miejska--sanok/sanok
sedziszow malopolski,/podkarpackie/ropczycko--sedziszowski/sedziszow-malopolski/sedziszow-malopolski
sokolow malopolski,/podkarpackie/rzeszowski/sokolow-malopolski/sokolow-malopolski
stalowa wola,/podkarpackie/stalowowolski/stalowa-wola/stalowa-wola
strzyzow,/podkarpackie/strzyzowski/strzyzow/strzyzow
tarnobrzeg,/podkarpackie/tarnobrzeg/tarnobrzeg/tarnobrzeg
tyczyn,/podkarpackie/rzeszowski/tyczyn/tyczyn
ustrzyki dolne,/podkarpackie/bieszczadzki/ustrzyki-dolne/ustrzyki-dolne
zagorz,/podkarpackie/sanocki/zagorz/zagorz
bedzin,/slaskie/bedzinski/bedzin/bedzin
bielsko-biala,/slaskie/bielsko--biala/bielsko--biala/bielsko--biala
bierun,/slaskie/bierunsko--ledzinski/bierun/bierun
blachownia,/slaskie/czestochowski/blachownia/blachownia
bytom,/slaskie/bytom/bytom/bytom
chorzow,/slaskie/chorzow/chorzow/chorzow
cieszyn,/slaskie/cieszynski/cieszyn/cieszyn
czechowice-dziedzice,/slaskie/bielski/czechowice--dziedzice/czechowice--dziedzice
czeladz,/slaskie/bedzinski/czeladz/czeladz
czerwionka-leszczyny,/slaskie/rybnicki/czerwionka--leszczyny/czerwionka--leszczyny
czestochowa,/slaskie/czestochowa/czestochowa/czestochowa
dabrowa gornicza,/slaskie/dabrowa-gornicza/dabrowa-gornicza/dabrowa-gornicza
gliwice,/slaskie/gliwice/gliwice/gliwice
imielin,/slaskie/bierunsko--ledzinski/imielin/imielin
jastrzebie-zdroj,/slaskie/jastrzebie--zdroj/jastrzebie--zdroj/jastrzebie--zdroj
jaworzno,/slaskie/jaworzno/jaworzno/jaworzno
kalety,/slaskie/tarnogorski/kalety/kalety
katowice,/slaskie/katowice/katowice/katowice
klobuck,/slaskie/klobucki/klobuck/klobuck
knurow,/slaskie/gliwicki/knurow/knurow
koniecpol,/slaskie/czestochowski/koniecpol/koniecpol
krzepice,/slaskie/klobucki/krzepice/krzepice
kuznia raciborska,/slaskie/raciborski/kuznia-raciborska/kuznia-raciborska
laziska gorne,/slaskie/mikolowski/laziska-gorne/laziska-gorne
lazy,/slaskie/zawiercianski/lazy/lazy
ledziny,/slaskie/bierunsko--ledzinski/ledziny/ledziny
lubliniec,/slaskie/lubliniecki/lubliniec/lubliniec
miasteczko slaskie,/slaskie/tarnogorski/miasteczko-slaskie/miasteczko-slaskie
mikolow,/slaskie/mikolowski/mikolow/mikolow
myslowice,/slaskie/myslowice/myslowice/myslowice
myszkow,/slaskie/myszkowski/myszkow/myszkow
ogrodzieniec,/slaskie/zawiercianski/ogrodzieniec/ogrodzieniec
olsztyn,/slaskie/czestochowski/olsztyn/olsztyn
orzesze,/slaskie/mikolowski/orzesze/orzesze
piekary slaskie,/slaskie/piekary-slaskie/piekary-slaskie/piekary-slaskie
poreba,/slaskie/zawiercianski/poreba/poreba
pszczyna,/slaskie/pszczynski/pszczyna/pszczyna
pszow,/slaskie/wodzislawski/pszow/pszow
pyskowice,/slaskie/gliwicki/pyskowice/pyskowice
raciborz,/slaskie/raciborski/raciborz/raciborz
radlin,/slaskie/wodzislawski/radlin/radlin
radzionkow,/slaskie/tarnogorski/radzionkow/radzionkow
ruda slaska,/slaskie/ruda-slaska/ruda-slaska/ruda-slaska
rybnik,/slaskie/rybnik/rybnik/rybnik
rydultowy,/slaskie/wodzislawski/rydultowy/rydultowy
siemianowice slaskie,/slaskie/siemianowice-slaskie/siemianowice-slaskie/siemianowice-slaskie
siewierz,/slaskie/bedzinski/siewierz/siewierz
skoczow,/slaskie/cieszynski/skoczow/skoczow
slawkow,/slaskie/bedzinski/slawkow/slawkow
sosnowiec,/slaskie/sosnowiec/sosnowiec/sosnowiec
strumien,/slaskie/cieszynski/strumien/strumien
swietochlowice,/slaskie/swietochlowice/swietochlowice/swietochlowice
szczekociny,/slaskie/zawiercianski/szczekociny/szczekociny
szczyrk,/slaskie/bielski/szczyrk/szczyrk
tarnowskie gory,/slaskie/tarnogorski/tarnowskie-gory/tarnowskie-gory
toszek,/slaskie/gliwicki/toszek/toszek
tychy,/slaskie/tychy/tychy/tychy
ustron,/slaskie/cieszynski/ustron/ustron
wilamowice,/slaskie/bielski/wilamowice/wilamowice
wisla,/slaskie/cieszynski/wisla/wisla
wodzislaw slaski,/slaskie/wodzislawski/wodzislaw-slaski/wodzislaw-slaski
wojkowice,/slaskie/bedzinski/wojkowice/wojkowice
wozniki,/slaskie/lubliniecki/wozniki/wozniki
zabrze,/slaskie/zabrze/zabrze/zabrze
zarki,/slaskie/myszkowski/zarki/zarki
zawiercie,/slaskie/zawiercianski/zawiercie/zawiercie
zory,/slaskie/zory/zory/zory
zywiec,/slaskie/zywiecki/zywiec/zywiec
budzyn,/wielkopolskie/chodzieski/budzyn/budzyn
buk,/wielkopolskie/poznanski/buk/buk
chodziez,/wielkopolskie/chodzieski/gmina-miejska--chodziez/chodziez
czarnkow,/wielkopolskie/czarnkowsko--trzcianecki/gmina-miejska--czarnkow/czarnkow
czempin,/wielkopolskie/koscianski/czempin/czempin
dobrzyca,/wielkopolskie/pleszewski/dobrzyca/dobrzyca
gniezno,/wielkopolskie/gnieznienski/gmina-miejska--gniezno/gniezno
golancz,/wielkopolskie/wagrowiecki/golancz/golancz
golina,/wielkopolskie/koninski/golina/golina
gostyn,/wielkopolskie/gostynski/gostyn/gostyn
grodzisk wielkopolski,/wielkopolskie/grodziski/grodzisk-wielkopolski/grodzisk-wielkopolski
jarocin,/wielkopolskie/jarocinski/jarocin/jarocin
jastrowie,/wielkopolskie/zlotowski/jastrowie/jastrowie
kaczory,/wielkopolskie/pilski/kaczory/kaczory
kalisz,/wielkopolskie/kalisz/kalisz/kalisz
kepno,/wielkopolskie/kepinski/kepno/kepno
kleczew,/wielkopolskie/koninski/kleczew/kleczew
klodawa,/wielkopolskie/kolski/klodawa/klodawa
kobylin,/wielkopolskie/krotoszynski/kobylin/kobylin
kolo,/wielkopolskie/kolski/gmina-miejska--kolo/kolo
konin,/wielkopolskie/konin/konin/konin
kornik,/wielkopolskie/poznanski/kornik/kornik
koscian,/wielkopolskie/koscianski/gmina-miejska--koscian/koscian
kostrzyn,/wielkopolskie/poznanski/kostrzyn/kostrzyn
kozmin wielkopolski,/wielkopolskie/krotoszynski/kozmin-wielkopolski/kozmin-wielkopolski
krajenka - miasto,/wielkopolskie/zlotowski/krajenka/miasto--krajenka
krobia,/wielkopolskie/gostynski/krobia/krobia
krotoszyn,/wielkopolskie/krotoszynski/krotoszyn/krotoszyn
krzyz wielkopolski,/wielkopolskie/czarnkowsko--trzcianecki/krzyz-wielkopolski/krzyz-wielkopolski
leszno,/wielkopolskie/leszno/leszno/leszno
lubon,/wielkopolskie/poznanski/lubon/lubon
miedzychod,/wielkopolskie/miedzychodzki/miedzychod/miedzychod
miejska gorka,/wielkopolskie/rawicki/miejska-gorka/miejska-gorka
miloslaw,/wielkopolskie/wrzesinski/miloslaw/miloslaw
mosina,/wielkopolskie/poznanski/mosina/mosina
murowana goslina,/wielkopolskie/poznanski/murowana-goslina/murowana-goslina
nekla,/wielkopolskie/wrzesinski/nekla/nekla
nowe skalmierzyce,/wielkopolskie/ostrowski/nowe-skalmierzyce/nowe-skalmierzyce
nowy tomysl,/wielkopolskie/nowotomyski/nowy-tomysl/nowy-tomysl
oborniki,/wielkopolskie/obornicki/oborniki/oborniki
odolanow,/wielkopolskie/ostrowski/odolanow/odolanow
okonek,/wielkopolskie/zlotowski/okonek/okonek
opalenica,/wielkopolskie/nowotomyski/opalenica/opalenica
opatowek,/wielkopolskie/kaliski/opatowek/opatowek
ostrow wielkopolski,/wielkopolskie/ostrowski/gmina-miejska--ostrow-wielkopolski/ostrow-wielkopolski
ostrzeszow,/wielkopolskie/ostrzeszowski/ostrzeszow/ostrzeszow
pila,/wielkopolskie/pilski/pila/pila
pleszew,/wielkopolskie/pleszewski/pleszew/pleszew
pniewy,/wielkopolskie/szamotulski/pniewy/pniewy
pobiedziska,/wielkopolskie/poznanski/pobiedziska/pobiedziska
poznan,/wielkopolskie/poznan/poznan/poznan
puszczykowo,/wielkopolskie/poznanski/puszczykowo/puszczykowo
pyzdry,/wielkopolskie/wrzesinski/pyzdry/pyzdry
rakoniewice - miasto,/wielkopolskie/grodziski/rakoniewice/miasto--rakoniewice
rawicz,/wielkopolskie/rawicki/rawicz/rawicz
rogozno,/wielkopolskie/obornicki/rogozno/rogozno
sierakow,/wielkopolskie/miedzychodzki/sierakow/sierakow
skoki,/wielkopolskie/wagrowiecki/skoki/skoki
slesin,/wielkopolskie/koninski/slesin/slesin
slupca,/wielkopolskie/slupecki/gmina-miejska--slupca/slupca
smigiel,/wielkopolskie/koscianski/smigiel/smigiel
sompolno,/wielkopolskie/koninski/sompolno/sompolno
srem,/wielkopolskie/sremski/srem/srem
sroda wielkopolska,/wielkopolskie/sredzki/sroda-wielkopolska/sroda-wielkopolska
steszew,/wielkopolskie/poznanski/steszew/steszew
swarzedz,/wielkopolskie/poznanski/swarzedz/swarzedz
szamocin,/wielkopolskie/chodzieski/szamocin/szamocin
szamotuly,/wielkopolskie/szamotulski/szamotuly/szamotuly
trzcianka,/wielkopolskie/czarnkowsko--trzcianecki/trzcianka/trzcianka
trzemeszno,/wielkopolskie/gnieznienski/trzemeszno/trzemeszno
tuliszkow,/wielkopolskie/turecki/tuliszkow/tuliszkow
turek,/wielkopolskie/turecki/gmina-miejska--turek/turek
ujscie,/wielkopolskie/pilski/ujscie/ujscie
wagrowiec,/wielkopolskie/wagrowiecki/gmina-miejska--wagrowiec/wagrowiec
wielen,/wielkopolskie/czarnkowsko--trzcianecki/wielen/wielen
witkowo,/wielkopolskie/gnieznienski/witkowo/witkowo
wolsztyn,/wielkopolskie/wolsztynski/wolsztyn/wolsztyn
wronki,/wielkopolskie/szamotulski/wronki/wronki
wrzesnia,/wielkopolskie/wrzesinski/wrzesnia/wrzesnia
wyrzysk,/wielkopolskie/pilski/wyrzysk/wyrzysk
zbaszyn,/wielkopolskie/nowotomyski/zbaszyn/zbaszyn
zduny,/wielkopolskie/krotoszynski/zduny/zduny
zlotow,/wielkopolskie/zlotowski/gmina-miejska--zlotow/zlotow
